num_polls,julian_date,date_most_recent_poll,median_margin,esd,state_num
9,270,268,6.80,7.62,1
3,270,262,9.60,6.13,2
5,270,263,-4.00,2.85,3
8,270,263,3.00,5.11,4
3,270,261,-11.00,0.00,5
4,270,263,-1.20,2.30,6
3,270,262,10.50,2.47,7
4,270,263,-1.95,2.00,8
9,270,265,3.00,4.28,9
7,270,267,5.00,7.33,10
4,270,264,-7.40,7.71,11
6,270,262,-1.60,2.17,12
9,269,268,6.80,7.62,1
3,269,262,9.60,6.13,2
6,269,263,-3.50,2.80,3
8,269,263,3.00,5.11,4
3,269,261,-11.00,0.00,5
4,269,263,-1.20,2.30,6
3,269,262,10.50,2.47,7
4,269,263,-1.95,2.00,8
9,269,265,3.00,4.28,9
7,269,267,5.00,7.33,10
4,269,264,-7.40,7.71,11
6,269,262,-1.60,2.17,12
9,268,268,6.80,7.62,1
3,268,262,9.60,6.13,2
6,268,263,-3.50,2.80,3
8,268,263,3.00,5.11,4
3,268,261,-11.00,0.00,5
4,268,263,-1.20,2.30,6
3,268,262,10.50,2.47,7
4,268,263,-1.95,2.00,8
9,268,265,3.00,4.28,9
7,268,267,5.00,7.33,10
4,268,264,-7.40,7.71,11
6,268,262,-1.60,2.17,12
8,267,262,7.00,8.40,1
3,267,262,9.60,6.13,2
6,267,263,-3.50,2.80,3
8,267,263,3.00,5.11,4
3,267,261,-11.00,0.00,5
5,267,263,-2.40,2.25,6
3,267,262,10.50,2.47,7
4,267,263,-1.95,2.00,8
9,267,265,3.00,4.28,9
7,267,267,5.00,7.33,10
4,267,264,-7.40,7.71,11
6,267,262,-1.60,2.17,12
8,266,262,7.00,8.40,1
3,266,262,9.60,6.13,2
7,266,263,-3.00,2.54,3
8,266,263,3.00,5.11,4
3,266,261,-11.00,0.00,5
5,266,263,-2.40,2.25,6
3,266,262,10.50,2.47,7
4,266,263,-1.95,2.00,8
9,266,265,3.00,4.28,9
7,266,265,5.00,7.18,10
4,266,264,-7.40,7.71,11
6,266,262,-1.60,2.17,12
8,265,262,7.00,8.40,1
3,265,262,9.60,6.13,2
7,265,263,-3.00,2.54,3
8,265,263,3.00,5.11,4
3,265,261,-11.00,0.00,5
5,265,263,-2.40,2.25,6
3,265,262,10.50,2.47,7
4,265,263,-1.95,2.00,8
10,265,265,3.00,4.75,9
7,265,265,5.00,7.18,10
4,265,264,-7.40,7.71,11
6,265,262,-1.60,2.17,12
8,264,262,7.00,8.40,1
3,264,262,9.60,6.13,2
7,264,263,-3.00,2.54,3
8,264,263,3.00,5.11,4
3,264,261,-11.00,0.00,5
5,264,263,-2.40,2.25,6
3,264,262,10.50,2.47,7
4,264,263,-1.95,2.00,8
9,264,258,3.00,5.16,9
7,264,262,5.00,9.36,10
5,264,264,-4.00,8.47,11
6,264,262,-1.60,2.17,12
8,263,262,7.00,8.40,1
3,263,262,9.60,6.13,2
8,263,263,-3.00,2.50,3
8,263,263,3.00,5.11,4
3,263,261,-11.00,0.00,5
5,263,263,-2.40,2.25,6
3,263,262,10.50,2.47,7
4,263,263,-1.95,2.00,8
9,263,258,3.00,5.16,9
7,263,262,5.00,9.36,10
4,263,258,-7.40,9.19,11
6,263,262,-1.60,2.17,12
8,262,262,7.00,8.40,1
3,262,262,9.60,6.13,2
8,262,261,-3.00,2.64,3
7,262,262,4.00,5.17,4
3,262,261,-11.00,0.00,5
4,262,259,-2.60,2.04,6
3,262,262,10.50,2.47,7
3,262,262,-0.50,3.13,8
9,262,258,3.00,5.16,9
7,262,262,5.00,9.36,10
4,262,258,-7.40,9.19,11
6,262,262,-1.60,2.17,12
7,261,260,8.00,8.31,1
3,261,243,5.80,5.01,2
8,261,261,-3.00,2.64,3
7,261,259,4.00,6.06,4
3,261,261,-11.00,0.00,5
4,261,259,-2.60,2.04,6
3,261,258,9.00,3.79,7
3,261,253,-0.50,3.59,8
9,261,258,3.00,5.16,9
7,261,259,5.00,8.98,10
4,261,258,-7.40,9.19,11
5,261,261,-1.00,2.47,12
7,260,260,8.00,8.31,1
3,260,243,5.80,5.01,2
7,260,253,-3.00,2.90,3
7,260,259,4.00,6.06,4
3,260,237,-11.00,3.29,5
4,260,259,-2.60,2.04,6
3,260,258,9.00,3.79,7
3,260,253,-0.50,3.59,8
9,260,258,3.00,5.16,9
7,260,259,5.00,8.98,10
4,260,258,-7.40,9.19,11
4,260,258,-1.00,2.04,12
7,259,258,8.00,7.93,1
3,259,243,5.80,5.01,2
7,259,253,-3.00,2.90,3
8,259,259,1.60,5.95,4
3,259,237,-11.00,3.29,5
4,259,259,-2.60,2.04,6
3,259,258,9.00,3.79,7
3,259,253,-0.50,3.59,8
9,259,258,3.00,5.16,9
7,259,259,5.00,8.98,10
4,259,258,-7.40,9.19,11
4,259,258,-1.00,2.04,12
7,258,258,8.00,7.93,1
3,258,243,5.80,5.01,2
7,258,253,-3.00,2.90,3
7,258,258,4.00,5.87,4
3,258,237,-11.00,3.29,5
3,258,253,-2.80,2.50,6
3,258,258,9.00,3.79,7
3,258,253,-0.50,3.59,8
9,258,258,3.00,5.16,9
6,258,258,7.00,9.75,10
4,258,258,-7.40,9.19,11
4,258,258,-1.00,2.04,12
6,257,252,9.00,8.90,1
3,257,243,5.80,5.01,2
7,257,253,-3.00,2.90,3
6,257,255,1.60,6.30,4
3,257,237,-11.00,3.29,5
3,257,253,-2.80,2.50,6
3,257,189,4.00,4.28,7
3,257,253,-0.50,3.59,8
7,257,256,3.00,5.70,9
5,257,255,9.00,9.73,10
3,257,256,-4.00,6.13,11
4,257,256,-1.00,2.39,12
6,256,252,9.00,8.90,1
3,256,243,5.80,5.01,2
7,256,253,-3.00,2.90,3
6,256,255,1.60,6.30,4
3,256,237,-11.00,3.29,5
3,256,253,-2.80,2.50,6
3,256,189,4.00,4.28,7
3,256,253,-0.50,3.59,8
7,256,256,3.00,5.70,9
5,256,255,9.00,9.73,10
3,256,256,-4.00,6.13,11
4,256,256,-1.00,2.39,12
6,255,252,9.00,8.90,1
3,255,243,5.80,5.01,2
7,255,253,-3.00,2.90,3
6,255,255,1.60,6.30,4
3,255,237,-11.00,3.29,5
3,255,253,-2.80,2.50,6
3,255,189,4.00,4.28,7
3,255,253,-0.50,3.59,8
6,255,254,4.00,3.21,9
6,255,255,7.00,9.24,10
3,255,251,-4.00,10.87,11
3,255,254,2.30,2.73,12
7,254,252,7.00,8.11,1
3,254,243,5.80,5.01,2
7,254,253,-3.00,2.90,3
4,254,250,-1.25,6.58,4
3,254,237,-11.00,3.29,5
4,254,253,-0.95,2.78,6
3,254,189,4.00,4.28,7
3,254,253,-0.50,3.59,8
6,254,254,4.00,3.21,9
5,254,250,9.00,9.75,10
3,254,251,-4.00,10.87,11
3,254,254,2.30,2.73,12
7,253,252,7.00,8.11,1
3,253,243,5.80,5.01,2
7,253,253,-3.00,2.90,3
4,253,250,-1.25,6.58,4
3,253,237,-11.00,3.29,5
4,253,253,-0.95,2.78,6
3,253,189,4.00,4.28,7
3,253,253,-0.50,3.59,8
5,253,250,5.00,3.32,9
6,253,250,11.00,8.43,10
3,253,251,-4.00,10.87,11
3,253,237,4.00,2.54,12
7,252,252,7.00,8.11,1
3,252,243,5.80,5.01,2
6,252,250,-2.00,2.88,3
4,252,250,-1.25,6.58,4
3,252,237,-11.00,3.29,5
3,252,247,0.90,2.47,6
3,252,189,4.00,4.28,7
3,252,236,4.00,5.01,8
5,252,250,5.00,3.32,9
6,252,250,11.00,8.43,10
3,252,251,-4.00,10.87,11
3,252,237,4.00,2.54,12
5,251,250,6.00,5.22,1
3,251,243,5.80,5.01,2
6,251,250,-2.00,2.88,3
4,251,250,-1.25,6.58,4
3,251,237,-11.00,3.29,5
3,251,247,0.90,2.47,6
3,251,189,4.00,4.28,7
3,251,236,4.00,5.01,8
5,251,250,5.00,3.32,9
6,251,250,11.00,8.43,10
3,251,251,-4.00,10.87,11
3,251,237,4.00,2.54,12
5,250,250,6.00,5.22,1
3,250,243,5.80,5.01,2
7,250,250,-2.00,2.48,3
4,250,250,-1.25,6.58,4
3,250,237,-11.00,3.29,5
3,250,247,0.90,2.47,6
3,250,189,4.00,4.28,7
3,250,236,4.00,5.01,8
6,250,250,4.00,5.09,9
7,250,250,9.00,8.51,10
3,250,244,-5.00,10.54,11
3,250,237,4.00,2.54,12
3,249,239,7.00,2.77,1
3,249,243,5.80,5.01,2
6,249,249,-2.00,0.82,3
3,249,241,-1.60,0.56,4
3,249,237,-11.00,3.29,5
3,249,247,0.90,2.47,6
3,249,189,4.00,4.28,7
3,249,236,4.00,5.01,8
3,249,245,3.00,6.98,9
6,249,246,7.00,6.62,10
3,249,244,-5.00,10.54,11
3,249,237,4.00,2.54,12
3,248,239,7.00,2.77,1
3,248,243,5.80,5.01,2
5,248,246,-2.00,0.95,3
3,248,241,-1.60,0.56,4
3,248,237,-11.00,3.29,5
3,248,247,0.90,2.47,6
3,248,189,4.00,4.28,7
3,248,236,4.00,5.01,8
4,248,245,-0.05,7.30,9
6,248,246,7.00,6.62,10
3,248,244,-5.00,10.54,11
3,248,237,4.00,2.54,12
3,247,239,7.00,2.77,1
3,247,243,5.80,5.01,2
5,247,246,-2.00,0.95,3
3,247,241,-1.60,0.56,4
3,247,237,-11.00,3.29,5
4,247,247,0.45,1.91,6
3,247,189,4.00,4.28,7
3,247,236,4.00,5.01,8
4,247,245,-0.05,7.30,9
6,247,246,7.00,6.62,10
3,247,244,-5.00,10.54,11
3,247,237,4.00,2.54,12
3,246,239,7.00,2.77,1
3,246,243,5.80,5.01,2
6,246,246,-2.50,3.62,3
3,246,241,-1.60,0.56,4
3,246,237,-11.00,3.29,5
3,246,242,0.90,0.63,6
3,246,189,4.00,4.28,7
3,246,236,4.00,5.01,8
4,246,245,-0.05,7.30,9
6,246,246,7.00,6.62,10
3,246,244,-5.00,10.54,11
3,246,237,4.00,2.54,12
3,245,239,7.00,2.77,1
3,245,243,5.80,5.01,2
5,245,243,-2.00,4.27,3
3,245,241,-1.60,0.56,4
3,245,237,-11.00,3.29,5
3,245,242,0.90,0.63,6
3,245,189,4.00,4.28,7
3,245,236,4.00,5.01,8
4,245,245,-0.05,7.30,9
5,245,244,5.00,7.88,10
3,245,244,-5.00,10.54,11
3,245,237,4.00,2.54,12
3,244,239,7.00,2.77,1
3,244,243,5.80,5.01,2
6,244,243,-2.00,4.45,3
3,244,241,-1.60,0.56,4
3,244,237,-11.00,3.29,5
3,244,242,0.90,0.63,6
3,244,189,4.00,4.28,7
3,244,236,4.00,5.01,8
3,244,235,-3.10,4.51,9
5,244,244,5.00,7.88,10
3,244,244,-5.00,10.54,11
3,244,237,4.00,2.54,12
3,243,239,7.00,2.77,1
3,243,243,5.80,5.01,2
6,243,243,-2.00,4.45,3
3,243,241,-1.60,0.56,4
3,243,237,-11.00,3.29,5
3,243,242,0.90,0.63,6
3,243,189,4.00,4.28,7
3,243,236,4.00,5.01,8
3,243,235,-3.10,4.51,9
4,243,241,4.95,4.48,10
3,243,217,-14.00,7.25,11
3,243,237,4.00,2.54,12
3,242,239,7.00,2.77,1
3,242,237,5.80,3.79,2
5,242,242,-2.00,5.22,3
3,242,241,-1.60,0.56,4
3,242,237,-11.00,3.29,5
3,242,242,0.90,0.63,6
3,242,189,4.00,4.28,7
3,242,236,4.00,5.01,8
3,242,235,-3.10,4.51,9
5,242,241,5.00,7.52,10
3,242,217,-14.00,7.25,11
3,242,237,4.00,2.54,12
3,241,239,7.00,2.77,1
3,241,237,5.80,3.79,2
4,241,232,-2.50,5.93,3
3,241,241,-1.60,0.56,4
3,241,237,-11.00,3.29,5
3,241,234,0.90,2.34,6
3,241,189,4.00,4.28,7
3,241,236,4.00,5.01,8
3,241,235,-3.10,4.51,9
5,241,241,5.00,7.52,10
3,241,217,-14.00,7.25,11
3,241,237,4.00,2.54,12
4,240,239,7.50,4.39,1
3,240,237,5.80,3.79,2
4,240,232,-2.50,5.93,3
3,240,239,-0.80,2.77,4
3,240,237,-11.00,3.29,5
3,240,234,0.90,2.34,6
3,240,189,4.00,4.28,7
3,240,236,4.00,5.01,8
3,240,235,-3.10,4.51,9
4,240,235,8.95,7.86,10
3,240,217,-14.00,7.25,11
3,240,237,4.00,2.54,12
4,239,239,7.50,4.39,1
3,239,237,5.80,3.79,2
4,239,232,-2.50,5.93,3
3,239,239,-0.80,2.77,4
3,239,237,-11.00,3.29,5
3,239,234,0.90,2.34,6
3,239,189,4.00,4.28,7
3,239,236,4.00,5.01,8
3,239,235,-3.10,4.51,9
4,239,235,8.95,7.86,10
3,239,217,-14.00,7.25,11
3,239,237,4.00,2.54,12
3,238,234,8.00,4.28,1
3,238,237,5.80,3.79,2
4,238,232,-2.50,5.93,3
3,238,219,3.00,3.03,4
3,238,237,-11.00,3.29,5
3,238,234,0.90,2.34,6
3,238,189,4.00,4.28,7
3,238,236,4.00,5.01,8
3,238,235,-3.10,4.51,9
4,238,235,8.95,7.86,10
3,238,217,-14.00,7.25,11
3,238,237,4.00,2.54,12
3,237,234,8.00,4.28,1
3,237,237,5.80,3.79,2
5,237,232,-2.00,5.46,3
3,237,219,3.00,3.03,4
3,237,237,-11.00,3.29,5
3,237,234,0.90,2.34,6
3,237,189,4.00,4.28,7
3,237,236,4.00,5.01,8
3,237,235,-3.10,4.51,9
4,237,235,8.95,7.86,10
3,237,217,-14.00,7.25,11
3,237,237,4.00,2.54,12
3,236,234,8.00,4.28,1
3,236,231,7.70,4.12,2
5,236,232,-2.00,5.46,3
3,236,219,3.00,3.03,4
3,236,228,-11.00,6.26,5
3,236,234,0.90,2.34,6
3,236,189,4.00,4.28,7
3,236,236,4.00,5.01,8
3,236,235,-3.10,4.51,9
4,236,235,8.95,7.86,10
3,236,217,-14.00,7.25,11
2,236,228,5.50,2.22,12
3,235,234,8.00,4.28,1
3,235,231,7.70,4.12,2
5,235,232,-2.00,5.46,3
3,235,219,3.00,3.03,4
3,235,228,-11.00,6.26,5
3,235,234,0.90,2.34,6
3,235,189,4.00,4.28,7
3,235,230,6.00,5.67,8
4,235,235,-0.05,8.04,9
4,235,235,8.95,7.86,10
3,235,217,-14.00,7.25,11
2,235,228,5.50,2.22,12
4,234,234,7.50,4.08,1
3,234,231,7.70,4.12,2
5,234,232,-2.00,5.46,3
3,234,219,3.00,3.03,4
3,234,228,-11.00,6.26,5
3,234,234,0.90,2.34,6
3,234,189,4.00,4.28,7
3,234,230,6.00,5.67,8
3,234,230,-3.10,9.79,9
3,234,233,13.00,6.98,10
3,234,217,-14.00,7.25,11
2,234,228,5.50,2.22,12
3,233,228,8.00,4.94,1
3,233,231,7.70,4.12,2
5,233,232,-2.00,5.46,3
3,233,219,3.00,3.03,4
3,233,228,-11.00,6.26,5
3,233,227,2.40,2.11,6
3,233,189,4.00,4.28,7
3,233,230,6.00,5.67,8
3,233,230,-3.10,9.79,9
4,233,233,13.50,5.62,10
3,233,217,-14.00,7.25,11
2,233,228,5.50,2.22,12
3,232,228,8.00,4.94,1
3,232,231,7.70,4.12,2
6,232,232,-1.00,4.94,3
3,232,219,3.00,3.03,4
3,232,228,-11.00,6.26,5
3,232,227,2.40,2.11,6
3,232,189,4.00,4.28,7
3,232,230,6.00,5.67,8
3,232,230,-3.10,9.79,9
3,232,230,14.00,7.31,10
3,232,217,-14.00,7.25,11
2,232,228,5.50,2.22,12
3,231,228,8.00,4.94,1
3,231,231,7.70,4.12,2
5,231,230,0.00,5.93,3
3,231,219,3.00,3.03,4
3,231,228,-11.00,6.26,5
3,231,227,2.40,2.11,6
3,231,189,4.00,4.28,7
3,231,230,6.00,5.67,8
3,231,230,-3.10,9.79,9
3,231,230,14.00,7.31,10
3,231,217,-14.00,7.25,11
2,231,228,5.50,2.22,12
3,230,228,8.00,4.94,1
2,230,207,10.35,3.93,2
5,230,230,0.00,5.93,3
3,230,219,3.00,3.03,4
3,230,228,-11.00,6.26,5
3,230,227,2.40,2.11,6
3,230,189,4.00,4.28,7
3,230,230,6.00,5.67,8
3,230,230,-3.10,9.79,9
3,230,230,14.00,7.31,10
3,230,217,-14.00,7.25,11
2,230,228,5.50,2.22,12
3,229,228,8.00,4.94,1
2,229,207,10.35,3.93,2
4,229,226,0.00,6.86,3
3,229,219,3.00,3.03,4
3,229,228,-11.00,6.26,5
3,229,227,2.40,2.11,6
3,229,189,4.00,4.28,7
3,229,229,6.00,1.91,8
3,229,228,3.00,7.28,9
3,229,222,14.00,3.62,10
3,229,217,-14.00,7.25,11
2,229,228,5.50,2.22,12
3,228,228,8.00,4.94,1
2,228,207,10.35,3.93,2
4,228,226,0.00,6.86,3
3,228,219,3.00,3.03,4
3,228,228,-11.00,6.26,5
3,228,227,2.40,2.11,6
3,228,189,4.00,4.28,7
3,228,201,3.30,1.88,8
3,228,228,3.00,7.28,9
3,228,222,14.00,3.62,10
3,228,217,-14.00,7.25,11
2,228,228,5.50,2.22,12
3,227,220,12.00,5.27,1
2,227,207,10.35,3.93,2
4,227,226,0.00,6.86,3
4,227,219,3.00,2.74,4
2,227,208,-12.00,8.90,5
3,227,227,2.40,2.11,6
3,227,189,4.00,4.28,7
3,227,201,3.30,1.88,8
3,227,215,6.30,4.18,9
3,227,222,14.00,3.62,10
3,227,217,-14.00,7.25,11
1,227,227,7.00,0.00,12
3,226,220,12.00,5.27,1
2,226,207,10.35,3.93,2
4,226,226,0.00,6.86,3
4,226,219,3.00,2.74,4
2,226,208,-12.00,8.90,5
3,226,218,2.40,3.76,6
3,226,189,4.00,4.28,7
3,226,201,3.30,1.88,8
3,226,215,6.30,4.18,9
3,226,222,14.00,3.62,10
3,226,217,-14.00,7.25,11
1,226,171,2.00,0.00,12
3,225,220,12.00,5.27,1
2,225,207,10.35,3.93,2
3,225,224,0.00,2.64,3
6,225,219,3.00,5.17,4
2,225,208,-12.00,8.90,5
3,225,218,2.40,3.76,6
3,225,189,4.00,4.28,7
3,225,201,3.30,1.88,8
3,225,215,6.30,4.18,9
4,225,222,12.50,5.56,10
3,225,217,-14.00,7.25,11
1,225,171,2.00,0.00,12
3,224,220,12.00,5.27,1
2,224,207,10.35,3.93,2
3,224,224,0.00,2.64,3
6,224,219,3.00,5.17,4
2,224,208,-12.00,8.90,5
3,224,218,2.40,3.76,6
3,224,189,4.00,4.28,7
3,224,201,3.30,1.88,8
3,224,215,6.30,4.18,9
4,224,222,12.50,5.56,10
3,224,217,-14.00,7.25,11
1,224,171,2.00,0.00,12
3,223,220,12.00,5.27,1
2,223,207,10.35,3.93,2
3,223,217,0.00,5.93,3
7,223,219,3.00,4.61,4
2,223,208,-12.00,8.90,5
3,223,218,2.40,3.76,6
3,223,189,4.00,4.28,7
3,223,201,3.30,1.88,8
3,223,215,6.30,4.18,9
4,223,222,12.50,5.56,10
3,223,217,-14.00,7.25,11
1,223,171,2.00,0.00,12
3,222,220,12.00,5.27,1
2,222,207,10.35,3.93,2
3,222,217,0.00,5.93,3
7,222,219,3.00,4.61,4
2,222,208,-12.00,8.90,5
3,222,218,2.40,3.76,6
3,222,189,4.00,4.28,7
3,222,201,3.30,1.88,8
3,222,215,6.30,4.18,9
5,222,222,11.00,5.15,10
3,222,217,-14.00,7.25,11
1,222,171,2.00,0.00,12
3,221,220,12.00,5.27,1
2,221,207,10.35,3.93,2
3,221,217,0.00,5.93,3
8,221,219,3.30,4.28,4
2,221,208,-12.00,8.90,5
3,221,218,2.40,3.76,6
3,221,189,4.00,4.28,7
3,221,201,3.30,1.88,8
3,221,215,6.30,4.18,9
5,221,213,11.00,3.10,10
3,221,217,-14.00,7.25,11
1,221,171,2.00,0.00,12
3,220,220,12.00,5.27,1
2,220,207,10.35,3.93,2
3,220,217,0.00,5.93,3
8,220,219,3.30,4.28,4
2,220,208,-12.00,8.90,5
3,220,218,2.40,3.76,6
3,220,189,4.00,4.28,7
3,220,201,3.30,1.88,8
3,220,215,6.30,4.18,9
6,220,213,11.00,2.70,10
3,220,217,-14.00,7.25,11
1,220,171,2.00,0.00,12
3,219,214,5.00,4.61,1
2,219,207,10.35,3.93,2
3,219,217,0.00,5.93,3
8,219,219,3.30,4.28,4
2,219,208,-12.00,8.90,5
3,219,218,2.40,3.76,6
3,219,189,4.00,4.28,7
3,219,201,3.30,1.88,8
3,219,215,6.30,4.18,9
6,219,213,11.00,2.70,10
3,219,217,-14.00,7.25,11
1,219,171,2.00,0.00,12
3,218,214,5.00,4.61,1
2,218,207,10.35,3.93,2
3,218,217,0.00,5.93,3
7,218,213,3.60,3.58,4
2,218,208,-12.00,8.90,5
3,218,218,2.40,3.76,6
3,218,189,4.00,4.28,7
3,218,201,3.30,1.88,8
3,218,215,6.30,4.18,9
6,218,213,11.00,2.70,10
3,218,217,-14.00,7.25,11
1,218,171,2.00,0.00,12
3,217,214,5.00,4.61,1
2,217,207,10.35,3.93,2
3,217,217,0.00,5.93,3
7,217,213,3.60,3.58,4
2,217,208,-12.00,8.90,5
3,217,205,-2.50,3.95,6
3,217,189,4.00,4.28,7
3,217,201,3.30,1.88,8
3,217,215,6.30,4.18,9
6,217,213,11.00,2.70,10
3,217,217,-14.00,7.25,11
1,217,171,2.00,0.00,12
3,216,214,5.00,4.61,1
2,216,207,10.35,3.93,2
3,216,212,-6.00,4.94,3
7,216,213,3.60,3.58,4
2,216,208,-12.00,8.90,5
3,216,205,-2.50,3.95,6
3,216,189,4.00,4.28,7
3,216,201,3.30,1.88,8
3,216,215,6.30,4.18,9
6,216,213,11.00,2.70,10
3,216,199,-14.00,5.93,11
1,216,171,2.00,0.00,12
3,215,214,5.00,4.61,1
2,215,207,10.35,3.93,2
3,215,212,-6.00,4.94,3
7,215,213,3.60,3.58,4
2,215,208,-12.00,8.90,5
3,215,205,-2.50,3.95,6
3,215,189,4.00,4.28,7
3,215,201,3.30,1.88,8
3,215,215,6.30,4.18,9
6,215,213,11.00,2.70,10
3,215,199,-14.00,5.93,11
1,215,171,2.00,0.00,12
3,214,214,5.00,4.61,1
2,214,207,10.35,3.93,2
3,214,212,-6.00,4.94,3
7,214,213,3.60,3.58,4
2,214,208,-12.00,8.90,5
3,214,205,-2.50,3.95,6
3,214,189,4.00,4.28,7
3,214,201,3.30,1.88,8
3,214,209,3.00,2.17,9
6,214,213,11.00,2.70,10
3,214,199,-14.00,5.93,11
1,214,171,2.00,0.00,12
3,213,201,9.00,3.62,1
2,213,207,10.35,3.93,2
3,213,212,-6.00,4.94,3
7,213,213,3.60,3.58,4
2,213,208,-12.00,8.90,5
3,213,205,-2.50,3.95,6
3,213,189,4.00,4.28,7
3,213,201,3.30,1.88,8
3,213,209,3.00,2.17,9
6,213,213,11.00,2.70,10
3,213,199,-14.00,5.93,11
1,213,171,2.00,0.00,12
3,212,201,9.00,3.62,1
2,212,207,10.35,3.93,2
3,212,212,-6.00,4.94,3
7,212,208,3.60,3.58,4
2,212,208,-12.00,8.90,5
3,212,205,-2.50,3.95,6
3,212,189,4.00,4.28,7
3,212,201,3.30,1.88,8
3,212,209,3.00,2.17,9
5,212,207,11.00,2.38,10
3,212,199,-14.00,5.93,11
1,212,171,2.00,0.00,12
3,211,201,9.00,3.62,1
2,211,207,10.35,3.93,2
3,211,190,-6.00,6.26,3
7,211,208,3.60,3.58,4
2,211,208,-12.00,8.90,5
3,211,205,-2.50,3.95,6
3,211,189,4.00,4.28,7
3,211,201,3.30,1.88,8
3,211,209,3.00,2.17,9
5,211,207,11.00,2.38,10
3,211,199,-14.00,5.93,11
1,211,171,2.00,0.00,12
3,210,201,9.00,3.62,1
2,210,207,10.35,3.93,2
3,210,190,-6.00,6.26,3
7,210,208,3.60,3.58,4
2,210,208,-12.00,8.90,5
3,210,205,-2.50,3.95,6
3,210,189,4.00,4.28,7
3,210,201,3.30,1.88,8
3,210,209,3.00,2.17,9
5,210,207,11.00,2.38,10
3,210,199,-14.00,5.93,11
1,210,171,2.00,0.00,12
3,209,201,9.00,3.62,1
2,209,207,10.35,3.93,2
3,209,190,-6.00,6.26,3
7,209,208,3.60,3.58,4
2,209,208,-12.00,8.90,5
3,209,205,-2.50,3.95,6
3,209,189,4.00,4.28,7
3,209,201,3.30,1.88,8
3,209,209,3.00,2.17,9
5,209,207,11.00,2.38,10
3,209,199,-14.00,5.93,11
1,209,171,2.00,0.00,12
3,208,201,9.00,3.62,1
2,208,207,10.35,3.93,2
3,208,190,-6.00,6.26,3
7,208,208,3.60,3.58,4
2,208,208,-12.00,8.90,5
3,208,205,-2.50,3.95,6
3,208,189,4.00,4.28,7
3,208,201,3.30,1.88,8
3,208,205,3.00,2.50,9
5,208,207,11.00,2.38,10
3,208,199,-14.00,5.93,11
1,208,171,2.00,0.00,12
3,207,201,9.00,3.62,1
2,207,207,10.35,3.93,2
3,207,190,-6.00,6.26,3
7,207,207,3.60,4.97,4
2,207,135,-15.50,3.71,5
3,207,205,-2.50,3.95,6
3,207,189,4.00,4.28,7
3,207,201,3.30,1.88,8
3,207,205,3.00,2.50,9
5,207,207,11.00,2.38,10
3,207,199,-14.00,5.93,11
1,207,171,2.00,0.00,12
3,206,201,9.00,3.62,1
1,206,159,13.00,0.00,2
3,206,190,-6.00,6.26,3
6,206,205,3.30,5.57,4
2,206,135,-15.50,3.71,5
3,206,205,-2.50,3.95,6
3,206,189,4.00,4.28,7
3,206,201,3.30,1.88,8
3,206,205,3.00,2.50,9
4,206,205,10.15,2.48,10
3,206,199,-14.00,5.93,11
1,206,171,2.00,0.00,12
3,205,201,9.00,3.62,1
1,205,159,13.00,0.00,2
3,205,190,-6.00,6.26,3
6,205,205,3.30,5.57,4
2,205,135,-15.50,3.71,5
3,205,205,-2.50,3.95,6
3,205,189,4.00,4.28,7
3,205,201,3.30,1.88,8
3,205,205,3.00,2.50,9
4,205,205,10.15,2.48,10
3,205,199,-14.00,5.93,11
1,205,171,2.00,0.00,12
3,204,201,9.00,3.62,1
1,204,159,13.00,0.00,2
3,204,190,-6.00,6.26,3
4,204,203,3.30,3.26,4
2,204,135,-15.50,3.71,5
3,204,182,-2.50,5.01,6
3,204,189,4.00,4.28,7
3,204,201,3.30,1.88,8
3,204,184,2.00,3.10,9
3,204,202,11.00,1.12,10
3,204,199,-14.00,5.93,11
1,204,171,2.00,0.00,12
3,203,201,9.00,3.62,1
1,203,159,13.00,0.00,2
3,203,190,-6.00,6.26,3
4,203,203,3.30,3.26,4
2,203,135,-15.50,3.71,5
3,203,182,-2.50,5.01,6
3,203,189,4.00,4.28,7
3,203,201,3.30,1.88,8
3,203,184,2.00,3.10,9
3,203,202,11.00,1.12,10
3,203,199,-14.00,5.93,11
1,203,171,2.00,0.00,12
3,202,201,9.00,3.62,1
1,202,159,13.00,0.00,2
3,202,190,-6.00,6.26,3
3,202,201,3.00,3.95,4
2,202,135,-15.50,3.71,5
3,202,182,-2.50,5.01,6
3,202,189,4.00,4.28,7
3,202,201,3.30,1.88,8
3,202,184,2.00,3.10,9
3,202,202,11.00,1.12,10
3,202,199,-14.00,5.93,11
1,202,171,2.00,0.00,12
3,201,201,9.00,3.62,1
1,201,159,13.00,0.00,2
3,201,190,-6.00,6.26,3
3,201,201,3.00,3.95,4
2,201,135,-15.50,3.71,5
3,201,182,-2.50,5.01,6
3,201,189,4.00,4.28,7
3,201,201,3.30,1.88,8
3,201,184,2.00,3.10,9
3,201,201,11.00,3.29,10
3,201,199,-14.00,5.93,11
1,201,171,2.00,0.00,12
3,200,195,9.00,6.13,1
1,200,159,13.00,0.00,2
3,200,190,-6.00,6.26,3
3,200,192,3.00,6.26,4
2,200,135,-15.50,3.71,5
3,200,182,-2.50,5.01,6
3,200,189,4.00,4.28,7
3,200,191,3.30,11.76,8
3,200,184,2.00,3.10,9
3,200,200,6.00,3.82,10
3,200,199,-14.00,5.93,11
1,200,171,2.00,0.00,12
3,199,195,9.00,6.13,1
1,199,159,13.00,0.00,2
3,199,190,-6.00,6.26,3
3,199,192,3.00,6.26,4
2,199,135,-15.50,3.71,5
3,199,182,-2.50,5.01,6
3,199,189,4.00,4.28,7
3,199,191,3.30,11.76,8
3,199,184,2.00,3.10,9
3,199,170,6.00,2.24,10
3,199,199,-14.00,5.93,11
1,199,171,2.00,0.00,12
3,198,195,9.00,6.13,1
1,198,159,13.00,0.00,2
3,198,190,-6.00,6.26,3
4,198,192,3.50,4.82,4
2,198,135,-15.50,3.71,5
3,198,182,-2.50,5.01,6
3,198,189,4.00,4.28,7
3,198,191,3.30,11.76,8
3,198,184,2.00,3.10,9
3,198,170,6.00,2.24,10
3,198,195,-14.00,5.27,11
1,198,171,2.00,0.00,12
3,197,195,9.00,6.13,1
1,197,159,13.00,0.00,2
3,197,190,-6.00,6.26,3
4,197,192,3.50,4.82,4
2,197,135,-15.50,3.71,5
3,197,182,-2.50,5.01,6
3,197,189,4.00,4.28,7
3,197,191,3.30,11.76,8
3,197,184,2.00,3.10,9
3,197,170,6.00,2.24,10
3,197,195,-14.00,5.27,11
1,197,171,2.00,0.00,12
3,196,195,9.00,6.13,1
1,196,159,13.00,0.00,2
3,196,190,-6.00,6.26,3
4,196,192,3.50,4.82,4
2,196,135,-15.50,3.71,5
3,196,182,-2.50,5.01,6
3,196,189,4.00,4.28,7
3,196,191,3.30,11.76,8
3,196,184,2.00,3.10,9
3,196,170,6.00,2.24,10
3,196,195,-14.00,5.27,11
1,196,171,2.00,0.00,12
3,195,195,9.00,6.13,1
1,195,159,13.00,0.00,2
3,195,190,-6.00,6.26,3
4,195,192,3.50,4.82,4
2,195,135,-15.50,3.71,5
3,195,182,-2.50,5.01,6
3,195,189,4.00,4.28,7
3,195,191,3.30,11.76,8
3,195,184,2.00,3.10,9
3,195,170,6.00,2.24,10
3,195,195,-14.00,5.27,11
1,195,171,2.00,0.00,12
2,194,178,12.65,5.41,1
1,194,159,13.00,0.00,2
3,194,190,-6.00,6.26,3
4,194,192,3.50,4.82,4
2,194,135,-15.50,3.71,5
3,194,182,-2.50,5.01,6
3,194,189,4.00,4.28,7
3,194,191,3.30,11.76,8
3,194,184,2.00,3.10,9
3,194,170,6.00,2.24,10
3,194,193,-14.00,6.92,11
1,194,171,2.00,0.00,12
2,193,178,12.65,5.41,1
1,193,159,13.00,0.00,2
3,193,190,-6.00,6.26,3
4,193,192,3.50,4.82,4
2,193,135,-15.50,3.71,5
3,193,182,-2.50,5.01,6
3,193,189,4.00,4.28,7
3,193,191,3.30,11.76,8
3,193,184,2.00,3.10,9
3,193,170,6.00,2.24,10
3,193,193,-14.00,6.92,11
1,193,171,2.00,0.00,12
2,192,178,12.65,5.41,1
1,192,159,13.00,0.00,2
3,192,190,-6.00,6.26,3
4,192,192,3.50,4.82,4
2,192,135,-15.50,3.71,5
3,192,182,-2.50,5.01,6
3,192,189,4.00,4.28,7
3,192,191,3.30,11.76,8
3,192,184,2.00,3.10,9
3,192,170,6.00,2.24,10
3,192,167,-11.00,6.92,11
1,192,171,2.00,0.00,12
2,191,178,12.65,5.41,1
1,191,159,13.00,0.00,2
3,191,190,-6.00,6.26,3
3,191,187,4.00,5.93,4
2,191,135,-15.50,3.71,5
3,191,182,-2.50,5.01,6
3,191,189,4.00,4.28,7
3,191,191,3.30,11.76,8
3,191,184,2.00,3.10,9
3,191,170,6.00,2.24,10
3,191,167,-11.00,6.92,11
1,191,171,2.00,0.00,12
2,190,178,12.65,5.41,1
1,190,159,13.00,0.00,2
3,190,190,-6.00,6.26,3
3,190,187,4.00,5.93,4
2,190,135,-15.50,3.71,5
3,190,182,-2.50,5.01,6
3,190,189,4.00,4.28,7
3,190,178,3.00,13.18,8
3,190,184,2.00,3.10,9
3,190,170,6.00,2.24,10
3,190,167,-11.00,6.92,11
1,190,171,2.00,0.00,12
2,189,178,12.65,5.41,1
1,189,159,13.00,0.00,2
3,189,147,-6.00,8.57,3
3,189,187,4.00,5.93,4
2,189,135,-15.50,3.71,5
3,189,182,-2.50,5.01,6
3,189,189,4.00,4.28,7
3,189,178,3.00,13.18,8
3,189,184,2.00,3.10,9
3,189,170,6.00,2.24,10
3,189,167,-11.00,6.92,11
1,189,171,2.00,0.00,12
2,188,178,12.65,5.41,1
1,188,159,13.00,0.00,2
3,188,147,-6.00,8.57,3
3,188,187,4.00,5.93,4
2,188,135,-15.50,3.71,5
3,188,182,-2.50,5.01,6
3,188,178,9.00,7.22,7
3,188,178,3.00,13.18,8
3,188,184,2.00,3.10,9
3,188,170,6.00,2.24,10
3,188,167,-11.00,6.92,11
1,188,171,2.00,0.00,12
2,187,178,12.65,5.41,1
1,187,159,13.00,0.00,2
3,187,147,-6.00,8.57,3
4,187,187,2.00,5.93,4
2,187,135,-15.50,3.71,5
3,187,182,-2.50,5.01,6
3,187,178,9.00,7.22,7
3,187,178,3.00,13.18,8
3,187,184,2.00,3.10,9
3,187,170,6.00,2.24,10
3,187,167,-11.00,6.92,11
1,187,171,2.00,0.00,12
2,186,178,12.65,5.41,1
1,186,159,13.00,0.00,2
3,186,147,-6.00,8.57,3
3,186,178,4.00,5.27,4
2,186,135,-15.50,3.71,5
3,186,182,-2.50,5.01,6
3,186,178,9.00,7.22,7
3,186,178,3.00,13.18,8
3,186,184,2.00,3.10,9
3,186,170,6.00,2.24,10
3,186,167,-11.00,6.92,11
1,186,171,2.00,0.00,12
2,185,178,12.65,5.41,1
1,185,159,13.00,0.00,2
3,185,147,-6.00,8.57,3
3,185,178,4.00,5.27,4
2,185,135,-15.50,3.71,5
3,185,182,-2.50,5.01,6
3,185,178,9.00,7.22,7
3,185,178,3.00,13.18,8
3,185,184,2.00,3.10,9
3,185,170,6.00,2.24,10
3,185,167,-11.00,6.92,11
1,185,171,2.00,0.00,12
2,184,178,12.65,5.41,1
1,184,159,13.00,0.00,2
3,184,147,-6.00,8.57,3
3,184,178,4.00,5.27,4
2,184,135,-15.50,3.71,5
3,184,182,-2.50,5.01,6
3,184,178,9.00,7.22,7
3,184,178,3.00,13.18,8
3,184,184,2.00,3.10,9
3,184,170,6.00,2.24,10
3,184,167,-11.00,6.92,11
1,184,171,2.00,0.00,12
2,183,178,12.65,5.41,1
1,183,159,13.00,0.00,2
3,183,147,-6.00,8.57,3
3,183,178,4.00,5.27,4
2,183,135,-15.50,3.71,5
3,183,182,-2.50,5.01,6
3,183,178,9.00,7.22,7
3,183,178,3.00,13.18,8
3,183,181,-2.20,3.69,9
3,183,170,6.00,2.24,10
3,183,167,-11.00,6.92,11
1,183,171,2.00,0.00,12
2,182,178,12.65,5.41,1
1,182,159,13.00,0.00,2
3,182,147,-6.00,8.57,3
3,182,178,4.00,5.27,4
2,182,135,-15.50,3.71,5
3,182,182,-2.50,5.01,6
3,182,178,9.00,7.22,7
3,182,178,3.00,13.18,8
3,182,181,-2.20,3.69,9
3,182,170,6.00,2.24,10
3,182,167,-11.00,6.92,11
1,182,171,2.00,0.00,12
2,181,178,12.65,5.41,1
1,181,159,13.00,0.00,2
3,181,147,-6.00,8.57,3
3,181,178,4.00,5.27,4
2,181,135,-15.50,3.71,5
3,181,170,-4.70,6.75,6
3,181,178,9.00,7.22,7
3,181,178,3.00,13.18,8
3,181,181,-2.20,3.69,9
3,181,170,6.00,2.24,10
3,181,167,-11.00,6.92,11
1,181,171,2.00,0.00,12
2,180,178,12.65,5.41,1
1,180,159,13.00,0.00,2
3,180,147,-6.00,8.57,3
4,180,178,2.40,4.89,4
2,180,135,-15.50,3.71,5
3,180,170,-4.70,6.75,6
3,180,178,9.00,7.22,7
3,180,178,3.00,13.18,8
2,180,144,-3.60,2.08,9
3,180,170,6.00,2.24,10
3,180,167,-11.00,6.92,11
1,180,171,2.00,0.00,12
2,179,178,12.65,5.41,1
1,179,159,13.00,0.00,2
3,179,147,-6.00,8.57,3
4,179,178,2.40,4.89,4
2,179,135,-15.50,3.71,5
3,179,170,-4.70,6.75,6
3,179,178,9.00,7.22,7
3,179,178,3.00,13.18,8
2,179,144,-3.60,2.08,9
3,179,170,6.00,2.24,10
3,179,167,-11.00,6.92,11
1,179,171,2.00,0.00,12
2,178,178,12.65,5.41,1
1,178,159,13.00,0.00,2
3,178,147,-6.00,8.57,3
4,178,178,2.40,4.89,4
2,178,135,-15.50,3.71,5
3,178,170,-4.70,6.75,6
3,178,178,9.00,7.22,7
3,178,178,3.00,13.18,8
2,178,144,-3.60,2.08,9
3,178,170,6.00,2.24,10
3,178,167,-11.00,6.92,11
1,178,171,2.00,0.00,12
1,177,136,16.30,0.00,1
1,177,159,13.00,0.00,2
3,177,147,-6.00,8.57,3
3,177,167,0.80,3.03,4
2,177,135,-15.50,3.71,5
3,177,170,-4.70,6.75,6
3,177,108,5.00,7.84,7
3,177,147,8.00,11.53,8
2,177,144,-3.60,2.08,9
3,177,170,6.00,2.24,10
3,177,167,-11.00,6.92,11
1,177,171,2.00,0.00,12
1,176,136,16.30,0.00,1
1,176,159,13.00,0.00,2
3,176,147,-6.00,8.57,3
3,176,167,0.80,3.03,4
2,176,135,-15.50,3.71,5
3,176,170,-4.70,6.75,6
3,176,108,5.00,7.84,7
3,176,147,8.00,11.53,8
2,176,144,-3.60,2.08,9
3,176,170,6.00,2.24,10
3,176,167,-11.00,6.92,11
1,176,171,2.00,0.00,12
1,175,136,16.30,0.00,1
1,175,159,13.00,0.00,2
3,175,147,-6.00,8.57,3
3,175,167,0.80,3.03,4
2,175,135,-15.50,3.71,5
3,175,170,-4.70,6.75,6
3,175,108,5.00,7.84,7
3,175,147,8.00,11.53,8
2,175,144,-3.60,2.08,9
3,175,170,6.00,2.24,10
3,175,167,-11.00,6.92,11
1,175,171,2.00,0.00,12
1,174,136,16.30,0.00,1
1,174,159,13.00,0.00,2
3,174,147,-6.00,8.57,3
3,174,167,0.80,3.03,4
2,174,135,-15.50,3.71,5
3,174,170,-4.70,6.75,6
3,174,108,5.00,7.84,7
3,174,147,8.00,11.53,8
2,174,144,-3.60,2.08,9
3,174,170,6.00,2.24,10
3,174,167,-11.00,6.92,11
1,174,171,2.00,0.00,12
1,173,136,16.30,0.00,1
1,173,159,13.00,0.00,2
3,173,147,-6.00,8.57,3
3,173,167,0.80,3.03,4
2,173,135,-15.50,3.71,5
3,173,170,-4.70,6.75,6
3,173,108,5.00,7.84,7
3,173,147,8.00,11.53,8
2,173,144,-3.60,2.08,9
3,173,170,6.00,2.24,10
3,173,167,-11.00,6.92,11
1,173,171,2.00,0.00,12
1,172,136,16.30,0.00,1
1,172,159,13.00,0.00,2
3,172,147,-6.00,8.57,3
3,172,167,0.80,3.03,4
2,172,135,-15.50,3.71,5
3,172,170,-4.70,6.75,6
3,172,108,5.00,7.84,7
3,172,147,8.00,11.53,8
2,172,144,-3.60,2.08,9
3,172,170,6.00,2.24,10
3,172,167,-11.00,6.92,11
1,172,171,2.00,0.00,12
1,171,136,16.30,0.00,1
1,171,159,13.00,0.00,2
3,171,147,-6.00,8.57,3
3,171,167,0.80,3.03,4
2,171,135,-15.50,3.71,5
3,171,170,-4.70,6.75,6
3,171,108,5.00,7.84,7
3,171,147,8.00,11.53,8
2,171,144,-3.60,2.08,9
3,171,170,6.00,2.24,10
3,171,167,-11.00,6.92,11
1,171,171,2.00,0.00,12
1,170,136,16.30,0.00,1
1,170,159,13.00,0.00,2
3,170,147,-6.00,8.57,3
3,170,167,0.80,3.03,4
2,170,135,-15.50,3.71,5
3,170,170,-4.70,6.75,6
3,170,108,5.00,7.84,7
3,170,147,8.00,11.53,8
2,170,144,-3.60,2.08,9
3,170,170,6.00,2.24,10
3,170,167,-11.00,6.92,11
0,170,001,-5.00,-999.00,12
1,169,136,16.30,0.00,1
1,169,159,13.00,0.00,2
3,169,147,-6.00,8.57,3
3,169,167,0.80,3.03,4
2,169,135,-15.50,3.71,5
3,169,163,-1.80,5.86,6
3,169,108,5.00,7.84,7
3,169,147,8.00,11.53,8
2,169,144,-3.60,2.08,9
1,169,164,8.60,0.00,10
3,169,167,-11.00,6.92,11
0,169,001,-5.00,-999.00,12
1,168,136,16.30,0.00,1
1,168,159,13.00,0.00,2
3,168,147,-6.00,8.57,3
3,168,167,0.80,3.03,4
2,168,135,-15.50,3.71,5
3,168,163,-1.80,5.86,6
3,168,108,5.00,7.84,7
3,168,147,8.00,11.53,8
2,168,144,-3.60,2.08,9
1,168,164,8.60,0.00,10
3,168,167,-11.00,6.92,11
0,168,001,-5.00,-999.00,12
1,167,136,16.30,0.00,1
1,167,159,13.00,0.00,2
3,167,147,-6.00,8.57,3
3,167,167,0.80,3.03,4
2,167,135,-15.50,3.71,5
3,167,163,-1.80,5.86,6
3,167,108,5.00,7.84,7
3,167,147,8.00,11.53,8
2,167,144,-3.60,2.08,9
1,167,164,8.60,0.00,10
3,167,167,-11.00,6.92,11
0,167,001,-5.00,-999.00,12
1,166,136,16.30,0.00,1
1,166,159,13.00,0.00,2
3,166,147,-6.00,8.57,3
3,166,160,0.80,8.76,4
2,166,135,-15.50,3.71,5
3,166,163,-1.80,5.86,6
3,166,108,5.00,7.84,7
3,166,147,8.00,11.53,8
2,166,144,-3.60,2.08,9
1,166,164,8.60,0.00,10
3,166,166,-8.00,2.64,11
0,166,001,-5.00,-999.00,12
1,165,136,16.30,0.00,1
1,165,159,13.00,0.00,2
3,165,147,-6.00,8.57,3
3,165,160,0.80,8.76,4
2,165,135,-15.50,3.71,5
3,165,163,-1.80,5.86,6
3,165,108,5.00,7.84,7
3,165,147,8.00,11.53,8
2,165,144,-3.60,2.08,9
1,165,164,8.60,0.00,10
3,165,155,-8.00,3.62,11
0,165,001,-5.00,-999.00,12
1,164,136,16.30,0.00,1
1,164,159,13.00,0.00,2
3,164,147,-6.00,8.57,3
3,164,160,0.80,8.76,4
2,164,135,-15.50,3.71,5
3,164,163,-1.80,5.86,6
3,164,108,5.00,7.84,7
3,164,147,8.00,11.53,8
2,164,144,-3.60,2.08,9
1,164,164,8.60,0.00,10
3,164,155,-8.00,3.62,11
0,164,001,-5.00,-999.00,12
1,163,136,16.30,0.00,1
1,163,159,13.00,0.00,2
3,163,147,-6.00,8.57,3
3,163,160,0.80,8.76,4
2,163,135,-15.50,3.71,5
3,163,163,-1.80,5.86,6
3,163,108,5.00,7.84,7
3,163,147,8.00,11.53,8
2,163,144,-3.60,2.08,9
0,163,001,-5.00,-999.00,10
3,163,155,-8.00,3.62,11
0,163,001,-5.00,-999.00,12
1,162,136,16.30,0.00,1
1,162,159,13.00,0.00,2
3,162,147,-6.00,8.57,3
3,162,160,0.80,8.76,4
2,162,135,-15.50,3.71,5
3,162,142,-1.80,4.22,6
3,162,108,5.00,7.84,7
3,162,147,8.00,11.53,8
2,162,144,-3.60,2.08,9
0,162,001,-5.00,-999.00,10
3,162,155,-8.00,3.62,11
0,162,001,-5.00,-999.00,12
1,161,136,16.30,0.00,1
1,161,159,13.00,0.00,2
3,161,147,-6.00,8.57,3
3,161,160,0.80,8.76,4
2,161,135,-15.50,3.71,5
3,161,142,-1.80,4.22,6
3,161,108,5.00,7.84,7
3,161,147,8.00,11.53,8
2,161,144,-3.60,2.08,9
0,161,001,-5.00,-999.00,10
3,161,155,-8.00,3.62,11
0,161,001,-5.00,-999.00,12
1,160,136,16.30,0.00,1
1,160,159,13.00,0.00,2
3,160,147,-6.00,8.57,3
3,160,160,0.80,8.76,4
2,160,135,-15.50,3.71,5
3,160,142,-1.80,4.22,6
3,160,108,5.00,7.84,7
3,160,147,8.00,11.53,8
2,160,144,-3.60,2.08,9
0,160,001,-5.00,-999.00,10
3,160,155,-8.00,3.62,11
0,160,001,-5.00,-999.00,12
1,159,136,16.30,0.00,1
1,159,159,13.00,0.00,2
3,159,147,-6.00,8.57,3
3,159,117,-3.90,8.01,4
2,159,135,-15.50,3.71,5
3,159,142,-1.80,4.22,6
3,159,108,5.00,7.84,7
3,159,147,8.00,11.53,8
2,159,144,-3.60,2.08,9
0,159,001,-5.00,-999.00,10
3,159,155,-8.00,3.62,11
0,159,001,-5.00,-999.00,12
1,158,136,16.30,0.00,1
0,158,001,5.00,-999.00,2
3,158,147,-6.00,8.57,3
3,158,117,-3.90,8.01,4
2,158,135,-15.50,3.71,5
3,158,142,-1.80,4.22,6
3,158,108,5.00,7.84,7
3,158,147,8.00,11.53,8
2,158,144,-3.60,2.08,9
0,158,001,-5.00,-999.00,10
3,158,155,-8.00,3.62,11
0,158,001,-5.00,-999.00,12
1,157,136,16.30,0.00,1
0,157,001,5.00,-999.00,2
3,157,147,-6.00,8.57,3
3,157,117,-3.90,8.01,4
2,157,135,-15.50,3.71,5
3,157,142,-1.80,4.22,6
3,157,108,5.00,7.84,7
3,157,147,8.00,11.53,8
2,157,144,-3.60,2.08,9
0,157,001,-5.00,-999.00,10
3,157,155,-8.00,3.62,11
0,157,001,-5.00,-999.00,12
1,156,136,16.30,0.00,1
0,156,001,5.00,-999.00,2
3,156,147,-6.00,8.57,3
3,156,117,-3.90,8.01,4
2,156,135,-15.50,3.71,5
3,156,142,-1.80,4.22,6
3,156,108,5.00,7.84,7
3,156,147,8.00,11.53,8
2,156,144,-3.60,2.08,9
0,156,001,-5.00,-999.00,10
3,156,155,-8.00,3.62,11
0,156,001,-5.00,-999.00,12
1,155,136,16.30,0.00,1
0,155,001,5.00,-999.00,2
3,155,147,-6.00,8.57,3
3,155,117,-3.90,8.01,4
2,155,135,-15.50,3.71,5
3,155,142,-1.80,4.22,6
3,155,108,5.00,7.84,7
3,155,147,8.00,11.53,8
2,155,144,-3.60,2.08,9
0,155,001,-5.00,-999.00,10
3,155,155,-8.00,3.62,11
0,155,001,-5.00,-999.00,12
1,154,136,16.30,0.00,1
0,154,001,5.00,-999.00,2
3,154,147,-6.00,8.57,3
3,154,117,-3.90,8.01,4
2,154,135,-15.50,3.71,5
3,154,142,-1.80,4.22,6
3,154,108,5.00,7.84,7
3,154,147,8.00,11.53,8
2,154,144,-3.60,2.08,9
0,154,001,-5.00,-999.00,10
3,154,083,-11.00,2.64,11
0,154,001,-5.00,-999.00,12
1,153,136,16.30,0.00,1
0,153,001,5.00,-999.00,2
3,153,147,-6.00,8.57,3
3,153,117,-3.90,8.01,4
2,153,135,-15.50,3.71,5
3,153,142,-1.80,4.22,6
3,153,108,5.00,7.84,7
3,153,147,8.00,11.53,8
2,153,144,-3.60,2.08,9
0,153,001,-5.00,-999.00,10
3,153,083,-11.00,2.64,11
0,153,001,-5.00,-999.00,12
1,152,136,16.30,0.00,1
0,152,001,5.00,-999.00,2
3,152,147,-6.00,8.57,3
3,152,117,-3.90,8.01,4
2,152,135,-15.50,3.71,5
3,152,142,-1.80,4.22,6
3,152,108,5.00,7.84,7
3,152,147,8.00,11.53,8
2,152,144,-3.60,2.08,9
0,152,001,-5.00,-999.00,10
3,152,083,-11.00,2.64,11
0,152,001,-5.00,-999.00,12
1,151,136,16.30,0.00,1
0,151,001,5.00,-999.00,2
3,151,147,-6.00,8.57,3
3,151,117,-3.90,8.01,4
2,151,135,-15.50,3.71,5
3,151,142,-1.80,4.22,6
3,151,108,5.00,7.84,7
3,151,147,8.00,11.53,8
2,151,144,-3.60,2.08,9
0,151,001,-5.00,-999.00,10
3,151,083,-11.00,2.64,11
0,151,001,-5.00,-999.00,12
1,150,136,16.30,0.00,1
0,150,001,5.00,-999.00,2
3,150,147,-6.00,8.57,3
3,150,117,-3.90,8.01,4
2,150,135,-15.50,3.71,5
3,150,142,-1.80,4.22,6
3,150,108,5.00,7.84,7
3,150,147,8.00,11.53,8
2,150,144,-3.60,2.08,9
0,150,001,-5.00,-999.00,10
3,150,083,-11.00,2.64,11
0,150,001,-5.00,-999.00,12
1,149,136,16.30,0.00,1
0,149,001,5.00,-999.00,2
3,149,147,-6.00,8.57,3
3,149,117,-3.90,8.01,4
2,149,135,-15.50,3.71,5
4,149,142,-4.30,4.37,6
3,149,108,5.00,7.84,7
3,149,147,8.00,11.53,8
2,149,144,-3.60,2.08,9
0,149,001,-5.00,-999.00,10
3,149,083,-11.00,2.64,11
0,149,001,-5.00,-999.00,12
1,148,136,16.30,0.00,1
0,148,001,5.00,-999.00,2
3,148,147,-6.00,8.57,3
3,148,117,-3.90,8.01,4
2,148,135,-15.50,3.71,5
4,148,142,-4.30,4.37,6
3,148,108,5.00,7.84,7
3,148,147,8.00,11.53,8
2,148,144,-3.60,2.08,9
0,148,001,-5.00,-999.00,10
3,148,083,-11.00,2.64,11
0,148,001,-5.00,-999.00,12
1,147,136,16.30,0.00,1
0,147,001,5.00,-999.00,2
3,147,147,-6.00,8.57,3
3,147,117,-3.90,8.01,4
2,147,135,-15.50,3.71,5
4,147,142,-4.30,4.37,6
3,147,108,5.00,7.84,7
3,147,147,8.00,11.53,8
2,147,144,-3.60,2.08,9
0,147,001,-5.00,-999.00,10
3,147,083,-11.00,2.64,11
0,147,001,-5.00,-999.00,12
1,146,136,16.30,0.00,1
0,146,001,5.00,-999.00,2
3,146,129,-15.00,12.06,3
3,146,117,-3.90,8.01,4
2,146,135,-15.50,3.71,5
4,146,142,-4.30,4.37,6
3,146,108,5.00,7.84,7
3,146,110,-1.00,6.72,8
2,146,144,-3.60,2.08,9
0,146,001,-5.00,-999.00,10
3,146,083,-11.00,2.64,11
0,146,001,-5.00,-999.00,12
1,145,136,16.30,0.00,1
0,145,001,5.00,-999.00,2
3,145,129,-15.00,12.06,3
3,145,117,-3.90,8.01,4
2,145,135,-15.50,3.71,5
4,145,142,-4.30,4.37,6
3,145,108,5.00,7.84,7
3,145,110,-1.00,6.72,8
2,145,144,-3.60,2.08,9
0,145,001,-5.00,-999.00,10
3,145,083,-11.00,2.64,11
0,145,001,-5.00,-999.00,12
1,144,136,16.30,0.00,1
0,144,001,5.00,-999.00,2
3,144,129,-15.00,12.06,3
3,144,117,-3.90,8.01,4
2,144,135,-15.50,3.71,5
5,144,142,-1.80,4.53,6
3,144,108,5.00,7.84,7
3,144,110,-1.00,6.72,8
2,144,144,-3.60,2.08,9
0,144,001,-5.00,-999.00,10
3,144,083,-11.00,2.64,11
0,144,001,-5.00,-999.00,12
1,143,136,16.30,0.00,1
0,143,001,5.00,-999.00,2
3,143,129,-15.00,12.06,3
3,143,117,-3.90,8.01,4
2,143,135,-15.50,3.71,5
5,143,142,-1.80,4.53,6
3,143,108,5.00,7.84,7
3,143,110,-1.00,6.72,8
1,143,133,-5.00,0.00,9
0,143,001,-5.00,-999.00,10
3,143,083,-11.00,2.64,11
0,143,001,-5.00,-999.00,12
1,142,136,16.30,0.00,1
0,142,001,5.00,-999.00,2
3,142,129,-15.00,12.06,3
3,142,117,-3.90,8.01,4
2,142,135,-15.50,3.71,5
5,142,142,-1.80,4.53,6
3,142,108,5.00,7.84,7
3,142,110,-1.00,6.72,8
1,142,133,-5.00,0.00,9
0,142,001,-5.00,-999.00,10
3,142,083,-11.00,2.64,11
0,142,001,-5.00,-999.00,12
1,141,136,16.30,0.00,1
0,141,001,5.00,-999.00,2
3,141,129,-15.00,12.06,3
3,141,117,-3.90,8.01,4
2,141,135,-15.50,3.71,5
4,141,140,-3.90,5.04,6
3,141,108,5.00,7.84,7
3,141,110,-1.00,6.72,8
1,141,133,-5.00,0.00,9
0,141,001,-5.00,-999.00,10
3,141,083,-11.00,2.64,11
0,141,001,-5.00,-999.00,12
1,140,136,16.30,0.00,1
0,140,001,5.00,-999.00,2
3,140,129,-15.00,12.06,3
3,140,117,-3.90,8.01,4
2,140,135,-15.50,3.71,5
4,140,140,-3.90,5.04,6
3,140,108,5.00,7.84,7
3,140,110,-1.00,6.72,8
1,140,133,-5.00,0.00,9
0,140,001,-5.00,-999.00,10
3,140,083,-11.00,2.64,11
0,140,001,-5.00,-999.00,12
1,139,136,16.30,0.00,1
0,139,001,5.00,-999.00,2
3,139,129,-15.00,12.06,3
3,139,117,-3.90,8.01,4
2,139,135,-15.50,3.71,5
3,139,136,-1.00,4.15,6
3,139,108,5.00,7.84,7
3,139,110,-1.00,6.72,8
1,139,133,-5.00,0.00,9
0,139,001,-5.00,-999.00,10
3,139,083,-11.00,2.64,11
0,139,001,-5.00,-999.00,12
1,138,136,16.30,0.00,1
0,138,001,5.00,-999.00,2
3,138,129,-15.00,12.06,3
3,138,117,-3.90,8.01,4
2,138,135,-15.50,3.71,5
3,138,136,-1.00,4.15,6
3,138,108,5.00,7.84,7
3,138,110,-1.00,6.72,8
1,138,133,-5.00,0.00,9
0,138,001,-5.00,-999.00,10
3,138,083,-11.00,2.64,11
0,138,001,-5.00,-999.00,12
1,137,136,16.30,0.00,1
0,137,001,5.00,-999.00,2
3,137,129,-15.00,12.06,3
3,137,117,-3.90,8.01,4
2,137,135,-15.50,3.71,5
3,137,136,-1.00,4.15,6
3,137,108,5.00,7.84,7
3,137,110,-1.00,6.72,8
1,137,133,-5.00,0.00,9
0,137,001,-5.00,-999.00,10
3,137,083,-11.00,2.64,11
0,137,001,-5.00,-999.00,12
1,136,136,16.30,0.00,1
0,136,001,5.00,-999.00,2
3,136,129,-15.00,12.06,3
3,136,117,-3.90,8.01,4
2,136,135,-15.50,3.71,5
3,136,136,-1.00,4.15,6
3,136,108,5.00,7.84,7
3,136,110,-1.00,6.72,8
1,136,133,-5.00,0.00,9
0,136,001,-5.00,-999.00,10
3,136,083,-11.00,2.64,11
0,136,001,-5.00,-999.00,12
0,135,001,5.00,-999.00,1
0,135,001,5.00,-999.00,2
3,135,129,-15.00,12.06,3
3,135,117,-3.90,8.01,4
2,135,135,-15.50,3.71,5
3,135,129,-1.50,3.99,6
3,135,108,5.00,7.84,7
3,135,110,-1.00,6.72,8
1,135,133,-5.00,0.00,9
0,135,001,-5.00,-999.00,10
3,135,083,-11.00,2.64,11
0,135,001,-5.00,-999.00,12
0,134,001,5.00,-999.00,1
0,134,001,5.00,-999.00,2
3,134,129,-15.00,12.06,3
3,134,117,-3.90,8.01,4
1,134,118,-18.00,0.00,5
3,134,129,-1.50,3.99,6
3,134,108,5.00,7.84,7
3,134,110,-1.00,6.72,8
1,134,133,-5.00,0.00,9
0,134,001,-5.00,-999.00,10
3,134,083,-11.00,2.64,11
0,134,001,-5.00,-999.00,12
0,133,001,5.00,-999.00,1
0,133,001,5.00,-999.00,2
3,133,129,-15.00,12.06,3
3,133,117,-3.90,8.01,4
1,133,118,-18.00,0.00,5
3,133,129,-1.50,3.99,6
3,133,108,5.00,7.84,7
3,133,110,-1.00,6.72,8
1,133,133,-5.00,0.00,9
0,133,001,-5.00,-999.00,10
3,133,083,-11.00,2.64,11
0,133,001,-5.00,-999.00,12
0,132,001,5.00,-999.00,1
0,132,001,5.00,-999.00,2
3,132,129,-15.00,12.06,3
3,132,117,-3.90,8.01,4
1,132,118,-18.00,0.00,5
3,132,129,-1.50,3.99,6
3,132,108,5.00,7.84,7
3,132,110,-1.00,6.72,8
0,132,001,-5.00,-999.00,9
0,132,001,-5.00,-999.00,10
3,132,083,-11.00,2.64,11
0,132,001,-5.00,-999.00,12
0,131,001,5.00,-999.00,1
0,131,001,5.00,-999.00,2
3,131,129,-15.00,12.06,3
3,131,117,-3.90,8.01,4
1,131,118,-18.00,0.00,5
3,131,129,-1.50,3.99,6
3,131,108,5.00,7.84,7
3,131,110,-1.00,6.72,8
0,131,001,-5.00,-999.00,9
0,131,001,-5.00,-999.00,10
3,131,083,-11.00,2.64,11
0,131,001,-5.00,-999.00,12
0,130,001,5.00,-999.00,1
0,130,001,5.00,-999.00,2
3,130,129,-15.00,12.06,3
3,130,117,-3.90,8.01,4
1,130,118,-18.00,0.00,5
3,130,129,-1.50,3.99,6
3,130,108,5.00,7.84,7
3,130,110,-1.00,6.72,8
0,130,001,-5.00,-999.00,9
0,130,001,-5.00,-999.00,10
3,130,083,-11.00,2.64,11
0,130,001,-5.00,-999.00,12
0,129,001,5.00,-999.00,1
0,129,001,5.00,-999.00,2
3,129,129,-15.00,12.06,3
3,129,117,-3.90,8.01,4
1,129,118,-18.00,0.00,5
3,129,129,-1.50,3.99,6
3,129,108,5.00,7.84,7
3,129,110,-1.00,6.72,8
0,129,001,-5.00,-999.00,9
0,129,001,-5.00,-999.00,10
3,129,083,-11.00,2.64,11
0,129,001,-5.00,-999.00,12
0,128,001,5.00,-999.00,1
0,128,001,5.00,-999.00,2
3,128,078,-17.00,1.52,3
3,128,117,-3.90,8.01,4
1,128,118,-18.00,0.00,5
3,128,124,-1.50,3.99,6
3,128,108,5.00,7.84,7
3,128,110,-1.00,6.72,8
0,128,001,-5.00,-999.00,9
0,128,001,-5.00,-999.00,10
3,128,083,-11.00,2.64,11
0,128,001,-5.00,-999.00,12
0,127,001,5.00,-999.00,1
0,127,001,5.00,-999.00,2
3,127,078,-17.00,1.52,3
3,127,117,-3.90,8.01,4
1,127,118,-18.00,0.00,5
3,127,124,-1.50,3.99,6
3,127,108,5.00,7.84,7
3,127,110,-1.00,6.72,8
0,127,001,-5.00,-999.00,9
0,127,001,-5.00,-999.00,10
3,127,083,-11.00,2.64,11
0,127,001,-5.00,-999.00,12
0,126,001,5.00,-999.00,1
0,126,001,5.00,-999.00,2
3,126,078,-17.00,1.52,3
3,126,117,-3.90,8.01,4
1,126,118,-18.00,0.00,5
3,126,124,-1.50,3.99,6
3,126,108,5.00,7.84,7
3,126,110,-1.00,6.72,8
0,126,001,-5.00,-999.00,9
0,126,001,-5.00,-999.00,10
3,126,083,-11.00,2.64,11
0,126,001,-5.00,-999.00,12
0,125,001,5.00,-999.00,1
0,125,001,5.00,-999.00,2
3,125,078,-17.00,1.52,3
3,125,117,-3.90,8.01,4
1,125,118,-18.00,0.00,5
3,125,124,-1.50,3.99,6
3,125,108,5.00,7.84,7
3,125,110,-1.00,6.72,8
0,125,001,-5.00,-999.00,9
0,125,001,-5.00,-999.00,10
3,125,083,-11.00,2.64,11
0,125,001,-5.00,-999.00,12
0,124,001,5.00,-999.00,1
0,124,001,5.00,-999.00,2
3,124,078,-17.00,1.52,3
3,124,117,-3.90,8.01,4
1,124,118,-18.00,0.00,5
3,124,124,-1.50,3.99,6
3,124,108,5.00,7.84,7
3,124,110,-1.00,6.72,8
0,124,001,-5.00,-999.00,9
0,124,001,-5.00,-999.00,10
3,124,083,-11.00,2.64,11
0,124,001,-5.00,-999.00,12
0,123,001,5.00,-999.00,1
0,123,001,5.00,-999.00,2
3,123,078,-17.00,1.52,3
3,123,117,-3.90,8.01,4
1,123,118,-18.00,0.00,5
2,123,094,-4.15,3.93,6
3,123,108,5.00,7.84,7
3,123,110,-1.00,6.72,8
0,123,001,-5.00,-999.00,9
0,123,001,-5.00,-999.00,10
3,123,083,-11.00,2.64,11
0,123,001,-5.00,-999.00,12
0,122,001,5.00,-999.00,1
0,122,001,5.00,-999.00,2
3,122,078,-17.00,1.52,3
3,122,117,-3.90,8.01,4
1,122,118,-18.00,0.00,5
2,122,094,-4.15,3.93,6
3,122,108,5.00,7.84,7
3,122,110,-1.00,6.72,8
0,122,001,-5.00,-999.00,9
0,122,001,-5.00,-999.00,10
3,122,083,-11.00,2.64,11
0,122,001,-5.00,-999.00,12
0,121,001,5.00,-999.00,1
0,121,001,5.00,-999.00,2
3,121,078,-17.00,1.52,3
3,121,117,-3.90,8.01,4
1,121,118,-18.00,0.00,5
2,121,094,-4.15,3.93,6
3,121,108,5.00,7.84,7
3,121,110,-1.00,6.72,8
0,121,001,-5.00,-999.00,9
0,121,001,-5.00,-999.00,10
3,121,083,-11.00,2.64,11
0,121,001,-5.00,-999.00,12
0,120,001,5.00,-999.00,1
0,120,001,5.00,-999.00,2
3,120,078,-17.00,1.52,3
3,120,117,-3.90,8.01,4
1,120,118,-18.00,0.00,5
2,120,094,-4.15,3.93,6
3,120,108,5.00,7.84,7
3,120,110,-1.00,6.72,8
0,120,001,-5.00,-999.00,9
0,120,001,-5.00,-999.00,10
3,120,083,-11.00,2.64,11
0,120,001,-5.00,-999.00,12
0,119,001,5.00,-999.00,1
0,119,001,5.00,-999.00,2
3,119,078,-17.00,1.52,3
3,119,117,-3.90,8.01,4
1,119,118,-18.00,0.00,5
2,119,094,-4.15,3.93,6
3,119,108,5.00,7.84,7
3,119,110,-1.00,6.72,8
0,119,001,-5.00,-999.00,9
0,119,001,-5.00,-999.00,10
3,119,083,-11.00,2.64,11
0,119,001,-5.00,-999.00,12
0,118,001,5.00,-999.00,1
0,118,001,5.00,-999.00,2
3,118,078,-17.00,1.52,3
3,118,117,-3.90,8.01,4
1,118,118,-18.00,0.00,5
2,118,094,-4.15,3.93,6
3,118,108,5.00,7.84,7
3,118,110,-1.00,6.72,8
0,118,001,-5.00,-999.00,9
0,118,001,-5.00,-999.00,10
3,118,083,-11.00,2.64,11
0,118,001,-5.00,-999.00,12
0,117,001,5.00,-999.00,1
0,117,001,5.00,-999.00,2
3,117,078,-17.00,1.52,3
3,117,117,-3.90,8.01,4
0,117,001,-5.00,-999.00,5
2,117,094,-4.15,3.93,6
3,117,108,5.00,7.84,7
3,117,110,-1.00,6.72,8
0,117,001,-5.00,-999.00,9
0,117,001,-5.00,-999.00,10
3,117,083,-11.00,2.64,11
0,117,001,-5.00,-999.00,12
0,116,001,5.00,-999.00,1
0,116,001,5.00,-999.00,2
3,116,078,-17.00,1.52,3
3,116,106,-3.90,4.55,4
0,116,001,-5.00,-999.00,5
2,116,094,-4.15,3.93,6
3,116,108,5.00,7.84,7
3,116,110,-1.00,6.72,8
0,116,001,-5.00,-999.00,9
0,116,001,-5.00,-999.00,10
3,116,083,-11.00,2.64,11
0,116,001,-5.00,-999.00,12
0,115,001,5.00,-999.00,1
0,115,001,5.00,-999.00,2
3,115,078,-17.00,1.52,3
3,115,106,-3.90,4.55,4
0,115,001,-5.00,-999.00,5
2,115,094,-4.15,3.93,6
3,115,108,5.00,7.84,7
3,115,110,-1.00,6.72,8
0,115,001,-5.00,-999.00,9
0,115,001,-5.00,-999.00,10
3,115,083,-11.00,2.64,11
0,115,001,-5.00,-999.00,12
0,114,001,5.00,-999.00,1
0,114,001,5.00,-999.00,2
3,114,078,-17.00,1.52,3
3,114,106,-3.90,4.55,4
0,114,001,-5.00,-999.00,5
2,114,094,-4.15,3.93,6
3,114,108,5.00,7.84,7
3,114,110,-1.00,6.72,8
0,114,001,-5.00,-999.00,9
0,114,001,-5.00,-999.00,10
3,114,083,-11.00,2.64,11
0,114,001,-5.00,-999.00,12
0,113,001,5.00,-999.00,1
0,113,001,5.00,-999.00,2
3,113,078,-17.00,1.52,3
3,113,106,-3.90,4.55,4
0,113,001,-5.00,-999.00,5
2,113,094,-4.15,3.93,6
3,113,108,5.00,7.84,7
3,113,110,-1.00,6.72,8
0,113,001,-5.00,-999.00,9
0,113,001,-5.00,-999.00,10
3,113,083,-11.00,2.64,11
0,113,001,-5.00,-999.00,12
0,112,001,5.00,-999.00,1
0,112,001,5.00,-999.00,2
3,112,078,-17.00,1.52,3
3,112,106,-3.90,4.55,4
0,112,001,-5.00,-999.00,5
2,112,094,-4.15,3.93,6
3,112,108,5.00,7.84,7
3,112,110,-1.00,6.72,8
0,112,001,-5.00,-999.00,9
0,112,001,-5.00,-999.00,10
3,112,083,-11.00,2.64,11
0,112,001,-5.00,-999.00,12
0,111,001,5.00,-999.00,1
0,111,001,5.00,-999.00,2
3,111,078,-17.00,1.52,3
3,111,106,-3.90,4.55,4
0,111,001,-5.00,-999.00,5
2,111,094,-4.15,3.93,6
3,111,108,5.00,7.84,7
3,111,110,-1.00,6.72,8
0,111,001,-5.00,-999.00,9
0,111,001,-5.00,-999.00,10
3,111,083,-11.00,2.64,11
0,111,001,-5.00,-999.00,12
0,110,001,5.00,-999.00,1
0,110,001,5.00,-999.00,2
3,110,078,-17.00,1.52,3
3,110,106,-3.90,4.55,4
0,110,001,-5.00,-999.00,5
2,110,094,-4.15,3.93,6
3,110,108,5.00,7.84,7
3,110,110,-1.00,6.72,8
0,110,001,-5.00,-999.00,9
0,110,001,-5.00,-999.00,10
3,110,083,-11.00,2.64,11
0,110,001,-5.00,-999.00,12
0,109,001,5.00,-999.00,1
0,109,001,5.00,-999.00,2
3,109,078,-17.00,1.52,3
3,109,106,-3.90,4.55,4
0,109,001,-5.00,-999.00,5
2,109,094,-4.15,3.93,6
3,109,108,5.00,7.84,7
3,109,099,-3.40,8.57,8
0,109,001,-5.00,-999.00,9
0,109,001,-5.00,-999.00,10
3,109,083,-11.00,2.64,11
0,109,001,-5.00,-999.00,12
0,108,001,5.00,-999.00,1
0,108,001,5.00,-999.00,2
3,108,078,-17.00,1.52,3
3,108,106,-3.90,4.55,4
0,108,001,-5.00,-999.00,5
2,108,094,-4.15,3.93,6
3,108,108,5.00,7.84,7
3,108,099,-3.40,8.57,8
0,108,001,-5.00,-999.00,9
0,108,001,-5.00,-999.00,10
3,108,083,-11.00,2.64,11
0,108,001,-5.00,-999.00,12
0,107,001,5.00,-999.00,1
0,107,001,5.00,-999.00,2
3,107,078,-17.00,1.52,3
3,107,106,-3.90,4.55,4
0,107,001,-5.00,-999.00,5
2,107,094,-4.15,3.93,6
2,107,098,9.95,7.34,7
3,107,099,-3.40,8.57,8
0,107,001,-5.00,-999.00,9
0,107,001,-5.00,-999.00,10
3,107,083,-11.00,2.64,11
0,107,001,-5.00,-999.00,12
0,106,001,5.00,-999.00,1
0,106,001,5.00,-999.00,2
3,106,078,-17.00,1.52,3
3,106,106,-3.90,4.55,4
0,106,001,-5.00,-999.00,5
2,106,094,-4.15,3.93,6
2,106,098,9.95,7.34,7
3,106,099,-3.40,8.57,8
0,106,001,-5.00,-999.00,9
0,106,001,-5.00,-999.00,10
3,106,083,-11.00,2.64,11
0,106,001,-5.00,-999.00,12
0,105,001,5.00,-999.00,1
0,105,001,5.00,-999.00,2
3,105,078,-17.00,1.52,3
3,105,093,-3.10,1.71,4
0,105,001,-5.00,-999.00,5
2,105,094,-4.15,3.93,6
2,105,098,9.95,7.34,7
3,105,099,-3.40,8.57,8
0,105,001,-5.00,-999.00,9
0,105,001,-5.00,-999.00,10
3,105,083,-11.00,2.64,11
0,105,001,-5.00,-999.00,12
0,104,001,5.00,-999.00,1
0,104,001,5.00,-999.00,2
3,104,078,-17.00,1.52,3
3,104,093,-3.10,1.71,4
0,104,001,-5.00,-999.00,5
2,104,094,-4.15,3.93,6
2,104,098,9.95,7.34,7
3,104,099,-3.40,8.57,8
0,104,001,-5.00,-999.00,9
0,104,001,-5.00,-999.00,10
3,104,083,-11.00,2.64,11
0,104,001,-5.00,-999.00,12
0,103,001,5.00,-999.00,1
0,103,001,5.00,-999.00,2
3,103,078,-17.00,1.52,3
3,103,093,-3.10,1.71,4
0,103,001,-5.00,-999.00,5
2,103,094,-4.15,3.93,6
2,103,098,9.95,7.34,7
3,103,099,-3.40,8.57,8
0,103,001,-5.00,-999.00,9
0,103,001,-5.00,-999.00,10
3,103,083,-11.00,2.64,11
0,103,001,-5.00,-999.00,12
0,102,001,5.00,-999.00,1
0,102,001,5.00,-999.00,2
3,102,078,-17.00,1.52,3
3,102,093,-3.10,1.71,4
0,102,001,-5.00,-999.00,5
2,102,094,-4.15,3.93,6
2,102,098,9.95,7.34,7
3,102,099,-3.40,8.57,8
0,102,001,-5.00,-999.00,9
0,102,001,-5.00,-999.00,10
3,102,083,-11.00,2.64,11
0,102,001,-5.00,-999.00,12
0,101,001,5.00,-999.00,1
0,101,001,5.00,-999.00,2
3,101,078,-17.00,1.52,3
3,101,093,-3.10,1.71,4
0,101,001,-5.00,-999.00,5
2,101,094,-4.15,3.93,6
2,101,098,9.95,7.34,7
3,101,099,-3.40,8.57,8
0,101,001,-5.00,-999.00,9
0,101,001,-5.00,-999.00,10
3,101,083,-11.00,2.64,11
0,101,001,-5.00,-999.00,12
0,100,001,5.00,-999.00,1
0,100,001,5.00,-999.00,2
3,100,078,-17.00,1.52,3
3,100,093,-3.10,1.71,4
0,100,001,-5.00,-999.00,5
2,100,094,-4.15,3.93,6
2,100,098,9.95,7.34,7
3,100,099,-3.40,8.57,8
0,100,001,-5.00,-999.00,9
0,100,001,-5.00,-999.00,10
3,100,083,-11.00,2.64,11
0,100,001,-5.00,-999.00,12
0,099,001,5.00,-999.00,1
0,099,001,5.00,-999.00,2
3,099,078,-17.00,1.52,3
3,099,093,-3.10,1.71,4
0,099,001,-5.00,-999.00,5
2,099,094,-4.15,3.93,6
2,099,098,9.95,7.34,7
3,099,099,-3.40,8.57,8
0,099,001,-5.00,-999.00,9
0,099,001,-5.00,-999.00,10
3,099,083,-11.00,2.64,11
0,099,001,-5.00,-999.00,12
0,098,001,5.00,-999.00,1
0,098,001,5.00,-999.00,2
3,098,078,-17.00,1.52,3
3,098,093,-3.10,1.71,4
0,098,001,-5.00,-999.00,5
2,098,094,-4.15,3.93,6
2,098,098,9.95,7.34,7
3,098,096,-3.40,9.23,8
0,098,001,-5.00,-999.00,9
0,098,001,-5.00,-999.00,10
3,098,083,-11.00,2.64,11
0,098,001,-5.00,-999.00,12
0,097,001,5.00,-999.00,1
0,097,001,5.00,-999.00,2
3,097,078,-17.00,1.52,3
3,097,093,-3.10,1.71,4
0,097,001,-5.00,-999.00,5
2,097,094,-4.15,3.93,6
1,097,083,5.00,0.00,7
3,097,096,-3.40,9.23,8
0,097,001,-5.00,-999.00,9
0,097,001,-5.00,-999.00,10
3,097,083,-11.00,2.64,11
0,097,001,-5.00,-999.00,12
0,096,001,5.00,-999.00,1
0,096,001,5.00,-999.00,2
3,096,078,-17.00,1.52,3
3,096,093,-3.10,1.71,4
0,096,001,-5.00,-999.00,5
2,096,094,-4.15,3.93,6
1,096,083,5.00,0.00,7
3,096,096,-3.40,9.23,8
0,096,001,-5.00,-999.00,9
0,096,001,-5.00,-999.00,10
3,096,083,-11.00,2.64,11
0,096,001,-5.00,-999.00,12
0,095,001,5.00,-999.00,1
0,095,001,5.00,-999.00,2
3,095,078,-17.00,1.52,3
3,095,093,-3.10,1.71,4
0,095,001,-5.00,-999.00,5
2,095,094,-4.15,3.93,6
1,095,083,5.00,0.00,7
2,095,083,1.20,11.56,8
0,095,001,-5.00,-999.00,9
0,095,001,-5.00,-999.00,10
3,095,083,-11.00,2.64,11
0,095,001,-5.00,-999.00,12
0,094,001,5.00,-999.00,1
0,094,001,5.00,-999.00,2
3,094,078,-17.00,1.52,3
3,094,093,-3.10,1.71,4
0,094,001,-5.00,-999.00,5
2,094,094,-4.15,3.93,6
1,094,083,5.00,0.00,7
2,094,083,1.20,11.56,8
0,094,001,-5.00,-999.00,9
0,094,001,-5.00,-999.00,10
3,094,083,-11.00,2.64,11
0,094,001,-5.00,-999.00,12
0,093,001,5.00,-999.00,1
0,093,001,5.00,-999.00,2
3,093,078,-17.00,1.52,3
3,093,093,-3.10,1.71,4
0,093,001,-5.00,-999.00,5
1,093,090,-1.50,0.00,6
1,093,083,5.00,0.00,7
2,093,083,1.20,11.56,8
0,093,001,-5.00,-999.00,9
0,093,001,-5.00,-999.00,10
3,093,083,-11.00,2.64,11
0,093,001,-5.00,-999.00,12
0,092,001,5.00,-999.00,1
0,092,001,5.00,-999.00,2
3,092,078,-17.00,1.52,3
3,092,067,-1.00,1.42,4
0,092,001,-5.00,-999.00,5
1,092,090,-1.50,0.00,6
1,092,083,5.00,0.00,7
2,092,083,1.20,11.56,8
0,092,001,-5.00,-999.00,9
0,092,001,-5.00,-999.00,10
3,092,083,-11.00,2.64,11
0,092,001,-5.00,-999.00,12
0,091,001,5.00,-999.00,1
0,091,001,5.00,-999.00,2
3,091,078,-17.00,1.52,3
3,091,067,-1.00,1.42,4
0,091,001,-5.00,-999.00,5
1,091,090,-1.50,0.00,6
1,091,083,5.00,0.00,7
2,091,083,1.20,11.56,8
0,091,001,-5.00,-999.00,9
0,091,001,-5.00,-999.00,10
3,091,083,-11.00,2.64,11
0,091,001,-5.00,-999.00,12
0,090,001,5.00,-999.00,1
0,090,001,5.00,-999.00,2
3,090,078,-17.00,1.52,3
3,090,067,-1.00,1.42,4
0,090,001,-5.00,-999.00,5
1,090,090,-1.50,0.00,6
1,090,083,5.00,0.00,7
2,090,083,1.20,11.56,8
0,090,001,-5.00,-999.00,9
0,090,001,-5.00,-999.00,10
3,090,083,-11.00,2.64,11
0,090,001,-5.00,-999.00,12
0,089,001,5.00,-999.00,1
0,089,001,5.00,-999.00,2
3,089,078,-17.00,1.52,3
3,089,067,-1.00,1.42,4
0,089,001,-5.00,-999.00,5
0,089,001,-5.00,-999.00,6
1,089,083,5.00,0.00,7
2,089,083,1.20,11.56,8
0,089,001,-5.00,-999.00,9
0,089,001,-5.00,-999.00,10
3,089,083,-11.00,2.64,11
0,089,001,-5.00,-999.00,12
0,088,001,5.00,-999.00,1
0,088,001,5.00,-999.00,2
3,088,078,-17.00,1.52,3
3,088,067,-1.00,1.42,4
0,088,001,-5.00,-999.00,5
0,088,001,-5.00,-999.00,6
1,088,083,5.00,0.00,7
2,088,083,1.20,11.56,8
0,088,001,-5.00,-999.00,9
0,088,001,-5.00,-999.00,10
3,088,083,-11.00,2.64,11
0,088,001,-5.00,-999.00,12
0,087,001,5.00,-999.00,1
0,087,001,5.00,-999.00,2
3,087,078,-17.00,1.52,3
3,087,067,-1.00,1.42,4
0,087,001,-5.00,-999.00,5
0,087,001,-5.00,-999.00,6
1,087,083,5.00,0.00,7
2,087,083,1.20,11.56,8
0,087,001,-5.00,-999.00,9
0,087,001,-5.00,-999.00,10
3,087,083,-11.00,2.64,11
0,087,001,-5.00,-999.00,12
0,086,001,5.00,-999.00,1
0,086,001,5.00,-999.00,2
3,086,078,-17.00,1.52,3
3,086,067,-1.00,1.42,4
0,086,001,-5.00,-999.00,5
0,086,001,-5.00,-999.00,6
1,086,083,5.00,0.00,7
2,086,083,1.20,11.56,8
0,086,001,-5.00,-999.00,9
0,086,001,-5.00,-999.00,10
3,086,083,-11.00,2.64,11
0,086,001,-5.00,-999.00,12
0,085,001,5.00,-999.00,1
0,085,001,5.00,-999.00,2
3,085,078,-17.00,1.52,3
3,085,067,-1.00,1.42,4
0,085,001,-5.00,-999.00,5
0,085,001,-5.00,-999.00,6
1,085,083,5.00,0.00,7
2,085,083,1.20,11.56,8
0,085,001,-5.00,-999.00,9
0,085,001,-5.00,-999.00,10
3,085,083,-11.00,2.64,11
0,085,001,-5.00,-999.00,12
0,084,001,5.00,-999.00,1
0,084,001,5.00,-999.00,2
3,084,078,-17.00,1.52,3
3,084,067,-1.00,1.42,4
0,084,001,-5.00,-999.00,5
0,084,001,-5.00,-999.00,6
1,084,083,5.00,0.00,7
2,084,083,1.20,11.56,8
0,084,001,-5.00,-999.00,9
0,084,001,-5.00,-999.00,10
3,084,083,-11.00,2.64,11
0,084,001,-5.00,-999.00,12
0,083,001,5.00,-999.00,1
0,083,001,5.00,-999.00,2
3,083,078,-17.00,1.52,3
3,083,067,-1.00,1.42,4
0,083,001,-5.00,-999.00,5
0,083,001,-5.00,-999.00,6
1,083,083,5.00,0.00,7
2,083,083,1.20,11.56,8
0,083,001,-5.00,-999.00,9
0,083,001,-5.00,-999.00,10
3,083,083,-11.00,2.64,11
0,083,001,-5.00,-999.00,12
0,082,001,5.00,-999.00,1
0,082,001,5.00,-999.00,2
3,082,078,-17.00,1.52,3
3,082,067,-1.00,1.42,4
0,082,001,-5.00,-999.00,5
0,082,001,-5.00,-999.00,6
1,082,012,7.00,0.00,7
1,082,026,9.00,0.00,8
0,082,001,-5.00,-999.00,9
0,082,001,-5.00,-999.00,10
3,082,080,-8.00,8.24,11
0,082,001,-5.00,-999.00,12
0,081,001,5.00,-999.00,1
0,081,001,5.00,-999.00,2
3,081,078,-17.00,1.52,3
3,081,067,-1.00,1.42,4
0,081,001,-5.00,-999.00,5
0,081,001,-5.00,-999.00,6
1,081,012,7.00,0.00,7
1,081,026,9.00,0.00,8
0,081,001,-5.00,-999.00,9
0,081,001,-5.00,-999.00,10
3,081,080,-8.00,8.24,11
0,081,001,-5.00,-999.00,12
0,080,001,5.00,-999.00,1
0,080,001,5.00,-999.00,2
3,080,078,-17.00,1.52,3
3,080,067,-1.00,1.42,4
0,080,001,-5.00,-999.00,5
0,080,001,-5.00,-999.00,6
1,080,012,7.00,0.00,7
1,080,026,9.00,0.00,8
0,080,001,-5.00,-999.00,9
0,080,001,-5.00,-999.00,10
3,080,080,-8.00,8.24,11
0,080,001,-5.00,-999.00,12
0,079,001,5.00,-999.00,1
0,079,001,5.00,-999.00,2
3,079,078,-17.00,1.52,3
3,079,067,-1.00,1.42,4
0,079,001,-5.00,-999.00,5
0,079,001,-5.00,-999.00,6
1,079,012,7.00,0.00,7
1,079,026,9.00,0.00,8
0,079,001,-5.00,-999.00,9
0,079,001,-5.00,-999.00,10
2,079,064,-3.00,7.41,11
0,079,001,-5.00,-999.00,12
0,078,001,5.00,-999.00,1
0,078,001,5.00,-999.00,2
3,078,078,-17.00,1.52,3
3,078,067,-1.00,1.42,4
0,078,001,-5.00,-999.00,5
0,078,001,-5.00,-999.00,6
1,078,012,7.00,0.00,7
1,078,026,9.00,0.00,8
0,078,001,-5.00,-999.00,9
0,078,001,-5.00,-999.00,10
2,078,064,-3.00,7.41,11
0,078,001,-5.00,-999.00,12
0,077,001,5.00,-999.00,1
0,077,001,5.00,-999.00,2
3,077,071,-17.00,3.49,3
3,077,067,-1.00,1.42,4
0,077,001,-5.00,-999.00,5
0,077,001,-5.00,-999.00,6
1,077,012,7.00,0.00,7
1,077,026,9.00,0.00,8
0,077,001,-5.00,-999.00,9
0,077,001,-5.00,-999.00,10
2,077,064,-3.00,7.41,11
0,077,001,-5.00,-999.00,12
0,076,001,5.00,-999.00,1
0,076,001,5.00,-999.00,2
3,076,071,-17.00,3.49,3
3,076,067,-1.00,1.42,4
0,076,001,-5.00,-999.00,5
0,076,001,-5.00,-999.00,6
1,076,012,7.00,0.00,7
1,076,026,9.00,0.00,8
0,076,001,-5.00,-999.00,9
0,076,001,-5.00,-999.00,10
2,076,064,-3.00,7.41,11
0,076,001,-5.00,-999.00,12
0,075,001,5.00,-999.00,1
0,075,001,5.00,-999.00,2
3,075,071,-17.00,3.49,3
3,075,067,-1.00,1.42,4
0,075,001,-5.00,-999.00,5
0,075,001,-5.00,-999.00,6
1,075,012,7.00,0.00,7
1,075,026,9.00,0.00,8
0,075,001,-5.00,-999.00,9
0,075,001,-5.00,-999.00,10
2,075,064,-3.00,7.41,11
0,075,001,-5.00,-999.00,12
0,074,001,5.00,-999.00,1
0,074,001,5.00,-999.00,2
3,074,071,-17.00,3.49,3
3,074,067,-1.00,1.42,4
0,074,001,-5.00,-999.00,5
0,074,001,-5.00,-999.00,6
1,074,012,7.00,0.00,7
1,074,026,9.00,0.00,8
0,074,001,-5.00,-999.00,9
0,074,001,-5.00,-999.00,10
2,074,064,-3.00,7.41,11
0,074,001,-5.00,-999.00,12
0,073,001,5.00,-999.00,1
0,073,001,5.00,-999.00,2
3,073,071,-17.00,3.49,3
3,073,067,-1.00,1.42,4
0,073,001,-5.00,-999.00,5
0,073,001,-5.00,-999.00,6
1,073,012,7.00,0.00,7
1,073,026,9.00,0.00,8
0,073,001,-5.00,-999.00,9
0,073,001,-5.00,-999.00,10
2,073,064,-3.00,7.41,11
0,073,001,-5.00,-999.00,12
0,072,001,5.00,-999.00,1
0,072,001,5.00,-999.00,2
3,072,071,-17.00,3.49,3
3,072,067,-1.00,1.42,4
0,072,001,-5.00,-999.00,5
0,072,001,-5.00,-999.00,6
1,072,012,7.00,0.00,7
1,072,026,9.00,0.00,8
0,072,001,-5.00,-999.00,9
0,072,001,-5.00,-999.00,10
2,072,064,-3.00,7.41,11
0,072,001,-5.00,-999.00,12
0,071,001,5.00,-999.00,1
0,071,001,5.00,-999.00,2
3,071,071,-17.00,3.49,3
3,071,067,-1.00,1.42,4
0,071,001,-5.00,-999.00,5
0,071,001,-5.00,-999.00,6
1,071,012,7.00,0.00,7
1,071,026,9.00,0.00,8
0,071,001,-5.00,-999.00,9
0,071,001,-5.00,-999.00,10
2,071,064,-3.00,7.41,11
0,071,001,-5.00,-999.00,12
0,070,001,5.00,-999.00,1
0,070,001,5.00,-999.00,2
3,070,063,-12.00,4.94,3
3,070,067,-1.00,1.42,4
0,070,001,-5.00,-999.00,5
0,070,001,-5.00,-999.00,6
1,070,012,7.00,0.00,7
1,070,026,9.00,0.00,8
0,070,001,-5.00,-999.00,9
0,070,001,-5.00,-999.00,10
2,070,064,-3.00,7.41,11
0,070,001,-5.00,-999.00,12
0,069,001,5.00,-999.00,1
0,069,001,5.00,-999.00,2
3,069,063,-12.00,4.94,3
3,069,067,-1.00,1.42,4
0,069,001,-5.00,-999.00,5
0,069,001,-5.00,-999.00,6
1,069,012,7.00,0.00,7
1,069,026,9.00,0.00,8
0,069,001,-5.00,-999.00,9
0,069,001,-5.00,-999.00,10
2,069,064,-3.00,7.41,11
0,069,001,-5.00,-999.00,12
0,068,001,5.00,-999.00,1
0,068,001,5.00,-999.00,2
3,068,063,-12.00,4.94,3
3,068,067,-1.00,1.42,4
0,068,001,-5.00,-999.00,5
0,068,001,-5.00,-999.00,6
1,068,012,7.00,0.00,7
1,068,026,9.00,0.00,8
0,068,001,-5.00,-999.00,9
0,068,001,-5.00,-999.00,10
2,068,064,-3.00,7.41,11
0,068,001,-5.00,-999.00,12
0,067,001,5.00,-999.00,1
0,067,001,5.00,-999.00,2
3,067,063,-12.00,4.94,3
3,067,067,-1.00,1.42,4
0,067,001,-5.00,-999.00,5
0,067,001,-5.00,-999.00,6
1,067,012,7.00,0.00,7
1,067,026,9.00,0.00,8
0,067,001,-5.00,-999.00,9
0,067,001,-5.00,-999.00,10
2,067,064,-3.00,7.41,11
0,067,001,-5.00,-999.00,12
0,066,001,5.00,-999.00,1
0,066,001,5.00,-999.00,2
3,066,063,-12.00,4.94,3
3,066,037,-1.00,1.68,4
0,066,001,-5.00,-999.00,5
0,066,001,-5.00,-999.00,6
1,066,012,7.00,0.00,7
1,066,026,9.00,0.00,8
0,066,001,-5.00,-999.00,9
0,066,001,-5.00,-999.00,10
2,066,064,-3.00,7.41,11
0,066,001,-5.00,-999.00,12
0,065,001,5.00,-999.00,1
0,065,001,5.00,-999.00,2
3,065,063,-12.00,4.94,3
3,065,037,-1.00,1.68,4
0,065,001,-5.00,-999.00,5
0,065,001,-5.00,-999.00,6
1,065,012,7.00,0.00,7
1,065,026,9.00,0.00,8
0,065,001,-5.00,-999.00,9
0,065,001,-5.00,-999.00,10
2,065,064,-3.00,7.41,11
0,065,001,-5.00,-999.00,12
0,064,001,5.00,-999.00,1
0,064,001,5.00,-999.00,2
3,064,063,-12.00,4.94,3
3,064,037,-1.00,1.68,4
0,064,001,-5.00,-999.00,5
0,064,001,-5.00,-999.00,6
1,064,012,7.00,0.00,7
1,064,026,9.00,0.00,8
0,064,001,-5.00,-999.00,9
0,064,001,-5.00,-999.00,10
2,064,064,-3.00,7.41,11
0,064,001,-5.00,-999.00,12
0,063,001,5.00,-999.00,1
0,063,001,5.00,-999.00,2
3,063,063,-12.00,4.94,3
3,063,037,-1.00,1.68,4
0,063,001,-5.00,-999.00,5
0,063,001,-5.00,-999.00,6
1,063,012,7.00,0.00,7
1,063,026,9.00,0.00,8
0,063,001,-5.00,-999.00,9
0,063,001,-5.00,-999.00,10
1,063,045,2.00,0.00,11
0,063,001,-5.00,-999.00,12
0,062,001,5.00,-999.00,1
0,062,001,5.00,-999.00,2
3,062,051,-7.20,3.23,3
3,062,037,-1.00,1.68,4
0,062,001,-5.00,-999.00,5
0,062,001,-5.00,-999.00,6
1,062,012,7.00,0.00,7
1,062,026,9.00,0.00,8
0,062,001,-5.00,-999.00,9
0,062,001,-5.00,-999.00,10
1,062,045,2.00,0.00,11
0,062,001,-5.00,-999.00,12
0,061,001,5.00,-999.00,1
0,061,001,5.00,-999.00,2
3,061,051,-7.20,3.23,3
3,061,037,-1.00,1.68,4
0,061,001,-5.00,-999.00,5
0,061,001,-5.00,-999.00,6
1,061,012,7.00,0.00,7
1,061,026,9.00,0.00,8
0,061,001,-5.00,-999.00,9
0,061,001,-5.00,-999.00,10
1,061,045,2.00,0.00,11
0,061,001,-5.00,-999.00,12
